<?xml version="1.0" encoding="UTF-8"?>
<beans xmlns="http://www.springframework.org/schema/beans"
       xmlns:aop="http://www.springframework.org/schema/aop"
       xmlns:xsi="http://www.w3.org/2001/XMLSchema-instance"
       xsi:schemaLocation="
           http://www.springframework.org/schema/beans 
           https://www.springframework.org/schema/beans/spring-beans.xsd
           http://www.springframework.org/schema/aop 
           https://www.springframework.org/schema/aop/spring-aop.xsd">

    <!-- ✅ AOP support -->
    <aop:aspectj-autoproxy />

    <!-- ✅ Register the aspect bean -->
    <bean id="loggingAspect" class="com.library.aspect.LoggingAspect" />

    <!-- ✅ AOP Configuration -->
    <aop:config>
        <aop:aspect ref="loggingAspect">
            <!-- Before advice on all service methods -->
            <aop:before method="logBefore" pointcut="execution(* com.library.service.*.*(..))" />
            <!-- After advice on all service methods -->
            <aop:after method="logAfter" pointcut="execution(* com.library.service.*.*(..))" />
        </aop:aspect>
    </aop:config>

    <!-- ✅ Repository -->
    <bean id="bookRepository" class="com.library.repository.BookRepository" />

    <!-- ✅ Service with constructor injection -->
    <bean id="bookService" class="com.library.service.BookService">
        <constructor-arg ref="bookRepository" />
        <property name="libraryName" value="Central Library" />
    </bean>

</beans>
